PDB ID,FOLD,FOLD_REF_PDB,TM_SCORE_TO_FOLD_REF,RMSD_TO_FOLD_REF,ALIGNED_LENGTH,CHAIN_USED,CHAIN_LENGTH,FOLD_CONFIDENT
1BNX,Unassigned,3V5U,0.3162,7.27,178,A,693,False
1BTQ,Unassigned,3H90,0.0692,0.91,20,A,20,False
1BZK,Unassigned,1OKC,0.3839,6.46,194,A,882,False
1XFH,Glt,1XFH,1.0,0.0,405,A,405,True
1Y4E,Unassigned,3V5U,0.4081,6.9,219,A,2600,False
2A65,LeuT,2A65,1.0,0.0,509,A,509,True
2DH2,Unassigned,4GE6,0.3512,6.44,179,A,417,False
2DH3,Unassigned,4GE6,0.3501,6.31,178,A,416,False
2HTG,Unassigned,3V5U,0.3956,6.62,205,A,1782,False
2MDF,Unassigned,4GE6,0.4243,6.49,216,A,1425,False
2NWL,Glt,1XFH,0.9838,0.6,401,C,403,True
2NWW,Glt,1XFH,0.9777,1.42,405,A,407,True
2NWX,Glt,1XFH,0.9846,0.55,401,C,401,True
2Q6H,LeuT,2A65,0.9991,0.26,509,A,514,True
2Q72,LeuT,2A65,0.9994,0.19,509,A,515,True
2QB4,LeuT,2A65,0.9994,0.19,509,A,511,True
2QEI,LeuT,2A65,0.9989,0.28,509,A,512,True
2QJU,LeuT,2A65,0.9995,0.18,509,A,509,True
2XQ2,LeuT,2A65,0.5688,5.04,381,A,538,True
2XUT,MFS,4PYP,0.7218,3.57,379,A,456,True
3DH4,LeuT,2A65,0.5681,5.12,377,A,512,True
3F3A,LeuT,2A65,0.9698,1.2,504,A,506,True
3F3C,LeuT,2A65,0.9989,0.27,509,A,515,True
3F3D,LeuT,2A65,0.9994,0.19,509,A,509,True
3F3E,LeuT,2A65,0.9996,0.17,509,A,509,True
3F48,LeuT,2A65,0.9992,0.23,509,A,513,True
3F4I,LeuT,2A65,0.9991,0.24,509,A,509,True
3F4J,LeuT,2A65,0.9988,0.28,509,A,509,True
3GI8,LeuT,2A65,0.6698,4.08,415,C,435,True
3GI9,LeuT,2A65,0.6678,4.15,415,C,437,True
3GIA,LeuT,2A65,0.6687,4.11,415,A,434,True
3GJC,LeuT,2A65,0.9643,0.65,494,A,498,True
3GJD,LeuT,2A65,0.9998,0.1,509,A,509,True
3GKH,Unassigned,1U7G,0.2792,6.02,161,A,225,False
3GKI,Unassigned,1U7G,0.2818,5.88,160,A,225,False
3GKJ,Unassigned,1U7G,0.2796,5.86,158,A,225,False
3GWU,LeuT,2A65,0.9994,0.2,509,A,509,True
3GWV,LeuT,2A65,0.9776,0.24,498,A,498,True
3GWW,LeuT,2A65,0.983,0.29,501,A,501,True
3H90,YiiP,3H90,1.0,0.0,283,A,283,True
3KBC,Glt,1XFH,0.6213,3.89,289,A,411,True
3L1L,LeuT,2A65,0.6376,4.49,399,A,423,True
3LLO,Unassigned,4GE6,0.231,4.9,100,A,136,False
3LRB,LeuT,2A65,0.6336,4.23,389,A,410,True
3LRC,LeuT,2A65,0.6328,4.22,388,A,410,True
3MPN,LeuT,2A65,0.9915,0.21,505,A,505,True
3MPQ,LeuT,2A65,0.96,0.21,489,A,490,True
3OB6,LeuT,2A65,0.6595,4.4,410,B,436,True
3QNT,Unassigned,1U7G,0.2805,6.05,163,A,244,False
3QS4,LeuT,2A65,0.9697,1.2,504,A,506,True
3QS5,LeuT,2A65,0.997,0.45,509,A,509,True
3QS6,LeuT,2A65,0.9962,0.5,509,A,509,True
3TIJ,CNT,3TIJ,1.0,0.0,404,A,404,True
3TT1,LeuT,2A65,0.9577,1.22,498,A,498,True
3TT3,LeuT,2A65,0.8943,2.67,495,A,501,True
3TU0,LeuT,2A65,0.9976,0.39,509,A,509,True
3USG,LeuT,2A65,0.9792,0.73,502,A,502,True
3USI,LeuT,2A65,0.9845,0.35,502,A,502,True
3USJ,LeuT,2A65,0.9792,0.74,502,A,502,True
3USK,LeuT,2A65,0.9793,0.73,502,A,502,True
3USL,LeuT,2A65,0.9791,0.74,502,A,502,True
3USM,LeuT,2A65,0.9791,0.74,502,A,502,True
3USO,LeuT,2A65,0.9792,0.74,502,A,502,True
3USP,LeuT,2A65,0.9874,0.23,503,A,503,True
3V8F,Glt,1XFH,0.6206,3.49,285,B,411,True
3V8G,Glt,1XFH,0.6256,3.78,291,A,411,True
4EZC,AmtB,1U7G,0.527,4.49,258,B,346,True
4EZD,AmtB,1U7G,0.5314,4.63,260,B,346,True
4F35,Unassigned,3TIJ,0.4682,5.41,265,C,408,False
4FXZ,LeuT,2A65,0.9786,0.77,502,A,502,True
4FY0,LeuT,2A65,0.9781,0.79,502,A,502,True
4GBY,MFS,4PYP,0.822,3.39,430,A,475,True
4GBZ,MFS,4PYP,0.8211,3.41,430,A,475,True
4GC0,MFS,4PYP,0.8217,3.33,428,A,475,True
4HMK,LeuT,2A65,0.9907,0.3,505,B,506,True
4HOD,LeuT,2A65,0.9991,0.24,509,A,509,True
4IZM,Glt,1XFH,0.9824,0.91,404,A,404,True
4JA3,MFS,4PYP,0.8539,2.41,412,B,439,True
4JA4,MFS,4PYP,0.8517,2.18,407,A,442,True
4JRA,Unassigned,1U7G,0.3148,6.03,176,A,418,False
4KY0,Glt,1XFH,0.9344,2.22,399,C,422,True
4KY9,Unassigned,3V5U,0.3005,6.34,152,P,277,False
4LEP,MFS,4PYP,0.7138,3.65,378,A,455,True
4M8G,Unassigned,4GE6,0.2116,4.61,87,A,132,False
4M90,Unassigned,4GE6,0.2396,5.05,106,A,157,False
4M91,Unassigned,4GE6,0.2454,5.05,108,A,167,False
4M92,Unassigned,3V5U,0.2386,5.27,107,A,154,False
4MM4,LeuT,2A65,0.9552,1.35,499,B,499,True
4MM5,LeuT,2A65,0.9556,1.22,497,A,497,True
4MM6,LeuT,2A65,0.9686,1.24,504,A,504,True
4MM7,LeuT,2A65,0.9604,1.19,499,A,499,True
4MM8,LeuT,2A65,0.958,1.21,498,A,498,True
4MM9,LeuT,2A65,0.9575,1.28,499,A,499,True
4MMA,LeuT,2A65,0.9674,1.27,504,A,504,True
4MMB,LeuT,2A65,0.9656,1.33,504,A,504,True
4MMC,LeuT,2A65,0.9688,1.23,504,A,504,True
4MMD,LeuT,2A65,0.9646,1.36,504,A,504,True
4MME,LeuT,2A65,0.9673,1.28,504,A,504,True
4MMF,LeuT,2A65,0.9667,1.3,504,A,504,True
4N5X,Unassigned,3V5U,0.2114,5.2,92,A,156,False
4OYE,Glt,1XFH,0.9459,1.54,396,B,404,True
4OYF,Glt,1XFH,0.9489,1.32,393,A,399,True
4P19,Glt,1XFH,0.6114,4.05,292,A,414,True
4P1A,Glt,1XFH,0.613,4.05,293,A,413,True
4P3J,Glt,1XFH,0.6072,3.94,288,A,411,True
4P5W,Unassigned,3H90,0.2715,6.22,129,A,312,False
4P5X,Unassigned,1OKC,0.2586,4.91,106,A,267,False
4P60,Unassigned,4GE6,0.2974,5.88,146,B,284,False
4P6H,Glt,1XFH,0.616,3.83,288,A,410,True
4PB1,CNT,3TIJ,0.9996,0.14,404,A,404,True
4PB2,CNT,3TIJ,0.9992,0.2,404,A,404,True
4PD5,CNT,3TIJ,0.9966,0.22,403,A,403,True
4PD6,CNT,3TIJ,0.992,0.17,401,A,401,True
4PD7,CNT,3TIJ,0.9995,0.17,404,A,404,True
4PD8,CNT,3TIJ,0.9994,0.18,404,A,404,True
4PD9,CNT,3TIJ,0.9991,0.22,404,A,404,True
4PDA,CNT,3TIJ,0.9994,0.18,404,A,404,True
4PYP,MFS,4PYP,1.0,0.0,447,A,447,True
4QIQ,MFS,4PYP,0.8075,2.43,390,A,439,True
4TPG,MFS,4PYP,0.7086,3.63,377,A,459,True
4TPH,MFS,4PYP,0.7065,3.6,375,A,453,True
4TPJ,MFS,4PYP,0.7132,3.57,376,B,450,True
4UVM,MFS,4PYP,0.7588,3.56,398,A,505,True
4X2S,Glt,1XFH,0.6142,3.65,282,C,415,True
4YB9,MFS,4PYP,0.9322,1.7,435,D,437,True
4YBQ,MFS,4PYP,0.796,3.84,433,B,462,True
4ZCU,Unassigned,3V5U,0.2247,5.14,99,B,152,False
4ZCV,Unassigned,3V5U,0.2365,5.22,106,A,154,False
4ZW9,MFS,4PYP,0.8635,3.2,446,A,475,True
4ZWB,MFS,4PYP,0.8561,3.28,444,A,468,True
4ZWC,MFS,4PYP,0.8475,3.35,443,A,468,True
5AYM,MFS,4PYP,0.6602,4.31,376,A,398,True
5AYN,MFS,4PYP,0.6698,4.45,385,A,407,True
5AYO,MFS,4PYP,0.6778,4.07,375,A,406,True
5CFY,Glt,1XFH,0.9599,1.59,399,A,411,True
5DWY,Glt,1XFH,0.9375,2.1,399,C,431,True
5E9S,Glt,1XFH,0.9602,1.61,400,A,428,True
5EQG,MFS,4PYP,0.9945,0.58,447,A,447,True
5EQH,MFS,4PYP,0.9941,0.6,447,A,447,True
5EQI,MFS,4PYP,0.993,0.66,447,A,447,True
5EUS,Unassigned,4GE6,0.2177,4.99,94,A,129,False
5EUU,Unassigned,4GE6,0.1979,4.8,83,A,129,False
5EUW,Unassigned,4GE6,0.2172,4.72,92,A,129,False
5EUX,Unassigned,3H90,0.2175,5.1,91,A,129,False
5EUZ,Unassigned,4GE6,0.2072,4.86,90,A,129,False
5EZB,Unassigned,4GE6,0.2345,4.93,103,B,138,False
5F0L,Unassigned,3H90,0.3203,5.69,139,A,458,False
5F0M,Unassigned,3H90,0.3191,5.73,139,A,458,False
5F0P,Unassigned,3H90,0.3185,5.75,139,A,458,False
5F18,Unassigned,3V5U,0.2817,6.44,146,A,221,False
5F1B,Unassigned,3H90,0.2692,5.28,116,C,215,False
5HNS,Unassigned,3H90,0.2743,5.51,120,A,220,False
5I6X,LeuT,2A65,0.8613,3.15,485,A,544,True
5I6Z,LeuT,2A65,0.8608,3.09,484,A,544,True
5I71,LeuT,2A65,0.8597,3.16,485,A,542,True
5I73,LeuT,2A65,0.859,3.17,485,A,540,True
5I74,LeuT,2A65,0.8596,3.16,485,A,542,True
5I75,LeuT,2A65,0.8595,3.16,485,A,540,True
5IJH,Unassigned,3H90,0.305,5.44,133,B,185,False
5J4I,LeuT,2A65,0.6614,4.32,408,A,437,True
5J4N,LeuT,2A65,0.6626,4.3,408,A,437,True
5JAE,LeuT,2A65,0.971,1.28,506,A,507,True
5JAF,LeuT,2A65,0.9529,1.06,493,A,494,True
5JAG,LeuT,2A65,0.9481,1.34,495,A,496,True
5JHO,Unassigned,1OKC,0.3027,5.54,135,A,245,False
5JLV,Unassigned,3H90,0.3217,6.79,162,A,430,False
5JMC,Unassigned,3H90,0.3074,6.68,154,A,420,False
5JNX,Unassigned,3H90,0.4309,6.18,204,A,1133,False
5KTE,LeuT,2A65,0.5565,3.67,333,A,338,True
5KWY,Unassigned,3H90,0.2899,5.48,126,B,236,False
5LLM,Glt,1XFH,0.8279,2.22,362,A,399,True
5LLU,Glt,1XFH,0.8212,2.23,360,A,396,True
5LM4,Glt,1XFH,0.8198,2.24,359,A,389,True
5M87,LeuT,2A65,0.6505,4.22,407,A,494,True
5M8A,LeuT,2A65,0.6509,4.27,408,A,494,True
5M8J,LeuT,2A65,0.6536,4.19,406,A,494,True
5M8K,LeuT,2A65,0.6535,4.2,406,A,494,True
5M94,LeuT,2A65,0.6076,4.27,378,A,401,True
5M95,LeuT,2A65,0.5996,4.07,368,A,395,True
5MJU,Glt,1XFH,0.8228,2.29,361,A,397,True
5MOY,Unassigned,3H90,0.2988,6.32,143,A,414,False
5U73,Unassigned,3H90,0.4469,5.99,208,A,898,False
5U74,Unassigned,3H90,0.4362,6.27,211,A,903,False
5UL7,Unassigned,3TIJ,0.4969,5.36,279,D,445,False
5UL9,Unassigned,3TIJ,0.4996,5.43,281,C,445,False
5ULD,CNT,3TIJ,0.5002,5.35,279,B,445,True
5ULE,CNT,3TIJ,0.5021,5.2,277,A,445,True
6AWN,LeuT,2A65,0.8602,3.08,484,A,544,True
6AWO,LeuT,2A65,0.862,3.13,485,A,544,True
6AWP,LeuT,2A65,0.8611,3.19,486,A,544,True
6AWQ,LeuT,2A65,0.862,3.13,485,A,544,True
6BAT,Glt,1XFH,0.9879,0.86,405,A,408,True
6BAU,Glt,1XFH,0.9877,0.86,405,A,408,True
6BAV,Glt,1XFH,0.9724,1.53,405,A,409,True
6BMI,Glt,1XFH,0.986,0.92,405,C,408,True
6BTX,MFS,4PYP,0.6361,3.98,351,A,377,True
6C08,LeuT,2A65,0.588,4.57,374,F,385,True
6C3I,LeuT,2A65,0.6224,3.76,374,B,388,True
6CAA,UraA,3QE7,0.6454,5.15,357,A,477,True
6CTF,Glt,1XFH,0.6195,3.87,288,A,411,True
6D91,LeuT,2A65,0.6388,3.65,381,A,398,True
6D9W,LeuT,2A65,0.5826,4.11,358,A,362,True
6DZV,LeuT,2A65,0.8425,3.42,485,A,537,True
6DZW,LeuT,2A65,0.8438,3.36,484,A,537,True
6DZY,LeuT,2A65,0.8619,3.16,485,A,537,True
6DZZ,LeuT,2A65,0.8162,3.86,481,A,540,True
6ES1,Unassigned,4GE6,0.3057,6.82,168,A,424,False
6F34,LeuT,2A65,0.6744,4.35,423,A,458,True
6GCT,Glt,1XFH,0.559,3.59,255,A,432,True
6I9Q,Unassigned,4GE6,0.3507,6.49,182,A,424,False
6IRS,LeuT,2A65,0.6493,4.51,412,B,457,True
6IRT,LeuT,2A65,0.6507,4.47,412,B,457,True
6JI1,MFS,4PYP,0.7083,3.73,379,A,462,True
6JKC,MFS,4PYP,0.708,3.75,381,A,462,True
6JKD,MFS,4PYP,0.7058,3.65,377,A,459,True
6JMQ,LeuT,2A65,0.6255,4.56,397,A,403,True
6JMR,Unassigned,4GE6,0.3423,6.34,176,B,421,False
6KKR,LeuT,2A65,0.6175,5.14,413,A,537,True
6KKT,LeuT,2A65,0.6156,5.16,410,A,537,True
6KKU,LeuT,2A65,0.618,5.11,410,A,537,True
6KSW,CNT,3TIJ,0.9447,1.39,394,C,513,True
6LI9,LeuT,2A65,0.6512,4.62,415,B,458,True
6LID,LeuT,2A65,0.647,4.59,412,B,458,True
6LYY,MFS,4PYP,0.6948,3.43,366,A,382,True
6LZ0,MFS,4PYP,0.6847,3.46,362,A,375,True
6M17,LeuT,2A65,0.8551,2.94,477,A,605,True
6M18,LeuT,2A65,0.8508,3.05,478,A,605,True
6M1D,LeuT,2A65,0.8385,3.37,482,A,605,True
6MP6,Glt,1XFH,0.8846,2.33,391,A,446,True
6MPB,Glt,1XFH,0.8856,2.32,391,B,446,True
6N3I,MFS,4PYP,0.809,3.59,429,A,475,True
6NLE,LeuT,2A65,0.9581,0.58,490,A,491,True
6NPH,LeuT,2A65,0.6388,4.94,415,A,472,True
6NPJ,Unassigned,4GE6,0.3171,6.23,152,C,384,False
6NPK,LeuT,2A65,0.641,4.87,415,A,472,True
6NPL,LeuT,2A65,0.6486,5.16,427,A,861,True
6NUC,Unassigned,4GE6,0.3013,6.7,165,A,366,False
6NUF,Unassigned,4GE6,0.3006,6.85,167,A,364,False
6NUU,Unassigned,4GE6,0.307,6.93,172,A,363,False
6OB6,MFS,4PYP,0.6386,4.0,349,A,365,True
6OB7,MFS,4PYP,0.6539,4.07,359,A,381,True
6OH2,Unassigned,4PYP,0.3291,4.01,180,A,299,False
6OH3,Unassigned,4PYP,0.3391,4.26,189,A,304,False
6OH4,Unassigned,4PYP,0.3287,4.11,181,A,299,False
6OKZ,Unassigned,3TIJ,0.5,5.4,280,D,444,False
6OL0,Unassigned,3TIJ,0.4903,5.3,272,B,428,False
6OL1,CNT,3TIJ,0.501,5.2,277,B,445,True
6PZT,LeuT,2A65,0.6409,4.9,413,B,466,True
6R7R,Glt,1XFH,0.95,1.44,395,C,422,True
6RTC,UraA,3QE7,0.7022,4.7,366,A,621,True
6RTF,UraA,3QE7,0.7165,4.3,363,A,621,True
6RVX,Glt,1XFH,0.5279,5.7,307,A,430,True
6RVY,Glt,1XFH,0.5276,5.6,305,A,430,True
6S7T,Unassigned,1U7G,0.3993,6.48,240,A,706,False
6S8V,Unassigned,4GE6,0.3508,6.39,180,B,423,False
6SUA,Unassigned,4GE6,0.352,6.48,181,D,419,False
6THA,MFS,4PYP,0.994,0.61,447,A,448,True
6TL2,LeuT,2A65,0.6513,4.26,408,A,494,True
6UKN,LeuT,2A65,0.6236,5.21,417,A,536,True
6UOX,Unassigned,3H90,0.4257,6.24,203,A,1161,False
6V3F,Unassigned,1U7G,0.4168,6.88,264,A,1234,False
6V3H,Unassigned,3H90,0.4357,6.24,208,A,1232,False
6V8G,Glt,1XFH,0.9524,1.27,393,A,393,True
6VRH,LeuT,2A65,0.8641,3.06,485,A,541,True
6VRK,LeuT,2A65,0.865,3.21,488,A,541,True
6VRL,LeuT,2A65,0.864,3.15,487,A,541,True
6VYH,MFS,4PYP,0.6945,4.18,387,A,428,True
6W2B,LeuT,2A65,0.8602,3.08,484,A,544,True
6W2C,LeuT,2A65,0.8602,3.08,484,A,544,True
6W4S,MFS,4PYP,0.7035,4.04,389,F,421,True
6W5R,Unassigned,1U7G,0.4215,6.9,269,A,1194,False
6W5S,Unassigned,3H90,0.4434,6.03,207,A,1196,False
6W5T,Unassigned,3H90,0.4419,6.03,208,A,1175,False
6W5U,Unassigned,3H90,0.4401,6.18,208,A,1175,False
6W5V,Unassigned,3H90,0.4329,6.53,213,A,1175,False
6WBV,MFS,4PYP,0.7033,4.12,392,A,429,True
6WIK,MFS,4PYP,0.6818,4.34,386,A,427,True
6WJ2,Unassigned,4GE6,0.3156,5.46,141,G,308,False
6WJ3,Unassigned,4GE6,0.3123,5.84,144,G,308,False
6WYJ,Glt,1XFH,0.7938,3.45,388,A,397,True
6WYK,Glt,1XFH,0.6908,4.27,347,A,414,True
6WYL,Glt,1XFH,0.7878,3.55,388,A,397,True
6WZB,Glt,1XFH,0.6207,3.82,289,A,411,True
6X01,Glt,1XFH,0.9764,0.81,400,A,400,True
6X2L,Glt,1XFH,0.566,4.77,293,A,411,True
6X2Z,Glt,1XFH,0.8652,2.41,383,A,419,True
6X3E,Glt,1XFH,0.8638,2.43,383,A,419,True
6X3F,Glt,1XFH,0.5812,4.77,305,A,409,True
6XBO,Unassigned,3V5U,0.3794,5.76,177,A,329,False
6XPD,YiiP,3H90,0.8266,2.87,274,B,303,True
6XPE,YiiP,3H90,0.7855,2.83,260,B,277,True
6XPF,YiiP,3H90,0.7028,4.4,260,A,291,True
6XSJ,Unassigned,4GE6,0.3797,6.27,193,A,480,False
6XSV,Unassigned,4GE6,0.3821,6.31,196,A,481,False
6XWM,LeuT,2A65,0.9092,2.34,496,A,498,True
6XWN,Glt,1XFH,0.5775,5.4,328,A,427,True
6XWO,Glt,1XFH,0.5765,5.45,329,A,427,True
6XWP,Glt,1XFH,0.5776,5.45,331,A,426,True
6XWQ,Glt,1XFH,0.8127,3.64,398,B,427,True
6XWR,Glt,1XFH,0.5753,5.37,327,A,427,True
6YUP,LeuT,2A65,0.5265,3.96,322,D,328,True
6YUZ,Unassigned,1OKC,0.3531,6.59,179,A,594,False
6YV1,LeuT,2A65,0.5288,3.9,322,A,328,True
6ZBI,YiiP,3H90,0.5115,6.11,240,A,2960,True
6ZBV,LeuT,2A65,0.8094,3.56,470,A,539,True
6ZGB,Glt,1XFH,0.9493,1.92,400,A,426,True
6ZL4,Glt,1XFH,0.9499,1.95,401,A,424,True
6ZLH,Glt,1XFH,0.9498,1.98,401,A,424,True
6ZPL,LeuT,2A65,0.8058,3.5,467,B,530,True
7AHK,Glt,1XFH,0.9684,1.6,405,A,411,True
7AIP,LeuT,2A65,0.6281,5.35,422,A,866,True
7AIQ,LeuT,2A65,0.6219,5.29,418,A,878,True
7AIR,LeuT,2A65,0.6281,5.45,427,A,885,True
7AWL,Glt,1XFH,0.797,2.57,358,A,389,True
7AWM,Glt,1XFH,0.8432,2.3,370,A,412,True
7AWN,Glt,1XFH,0.8018,2.56,360,A,391,True
7AWP,Glt,1XFH,0.7965,2.49,356,A,386,True
7AWQ,Glt,1XFH,0.8288,2.18,362,A,404,True
7B00,LeuT,2A65,0.6438,4.76,412,A,457,True
7BCQ,Glt,1XFH,0.8888,2.25,390,A,442,True
7BCS,Glt,1XFH,0.8886,2.25,390,A,442,True
7BCT,Glt,1XFH,0.8888,2.3,391,A,442,True
7BP3,MFS,4PYP,0.7171,3.09,365,A,394,True
7CCS,LeuT,2A65,0.6561,4.36,415,B,454,True
7CH1,UraA,3QE7,0.6985,4.82,370,A,640,True
7CKO,MFS,4PYP,0.7182,2.83,361,A,375,True
7CKR,MFS,4PYP,0.6995,3.4,368,A,382,True
7CMH,LeuT,2A65,0.6482,4.69,417,B,458,True
7CMI,LeuT,2A65,0.6481,4.68,415,B,458,True
7CRZ,MFS,4PYP,0.8552,3.31,446,A,471,True
7D10,LeuT,2A65,0.6321,4.73,403,A,446,True
7D14,LeuT,2A65,0.6152,5.12,408,A,850,True
7D8Z,LeuT,2A65,0.6292,5.48,428,B,895,True
7D99,LeuT,2A65,0.6273,5.44,427,A,891,True
7DA5,MFS,4PYP,0.7154,2.8,360,A,375,True
7DF1,Unassigned,4GE6,0.3524,6.23,177,D,394,False
7DF8,Unassigned,3H90,0.4325,5.93,199,A,918,False
7DFW,Unassigned,3H90,0.4331,5.97,199,A,957,False
7DFZ,Unassigned,3H90,0.4349,6.12,203,A,897,False
7DSK,LeuT,2A65,0.6862,4.13,420,B,464,True
7DSL,LeuT,2A65,0.6842,4.17,421,B,464,True
7DSN,LeuT,2A65,0.6836,4.17,420,B,464,True
7DSQ,LeuT,2A65,0.6897,4.11,419,B,464,True
7DSV,NhaA,1ZCD,0.6881,4.24,330,A,463,True
7DSW,NhaA,1ZCD,0.69,4.25,331,B,420,True
7DSX,NhaA,1ZCD,0.6698,4.44,328,B,509,True
7DWX,LeuT,2A65,0.8551,2.94,477,A,605,True
7EPZ,LeuT,2A65,0.6496,4.46,409,B,453,True
7FCI,Unassigned,1ZCD,0.4968,4.92,259,A,297,False
7JSJ,CNT,3TIJ,0.5019,5.19,276,A,468,True
7JSK,CNT,3TIJ,0.5043,5.28,279,A,468,True
7KGV,LeuT,2A65,0.5918,4.57,377,B,404,True
7LGU,UraA,3QE7,0.7434,4.36,372,A,680,True
7LGW,UraA,3QE7,0.7441,4.35,372,A,680,True
7LH2,UraA,3QE7,0.7366,4.36,370,A,680,True
7LH3,UraA,3QE7,0.7361,4.42,371,A,680,True
7LI6,LeuT,2A65,0.8226,3.55,476,A,539,True
7LI7,LeuT,2A65,0.8594,3.18,484,A,537,True
7LI8,LeuT,2A65,0.816,3.65,474,A,539,True
7LI9,LeuT,2A65,0.8234,3.66,479,A,539,True
7LIA,LeuT,2A65,0.8639,3.07,484,A,539,True
7LQJ,LeuT,2A65,0.9916,0.19,505,A,505,True
7LQK,LeuT,2A65,0.9917,0.18,505,A,505,True
7LQL,LeuT,2A65,0.9803,0.62,501,A,501,True
7LWD,LeuT,2A65,0.8616,3.15,485,A,541,True
7MGW,LeuT,2A65,0.856,3.22,484,A,537,True
7MJS,MFS,4PYP,0.7225,3.26,377,X,458,True
7N4U,Unassigned,3H90,0.4419,5.89,201,B,953,False
7N4V,Unassigned,3H90,0.4432,6.1,206,A,953,False
7N4X,Unassigned,3H90,0.4429,6.01,205,A,953,False
7N98,MFS,4PYP,0.6867,4.33,388,A,473,True
7NF6,LeuT,2A65,0.6504,4.57,414,B,455,True
7NF7,Unassigned,1OKC,0.3456,6.14,165,A,575,False
7NF8,LeuT,2A65,0.6504,4.57,414,B,455,True
7NGH,Glt,1XFH,0.8073,3.6,396,B,426,True
7NPW,Glt,1XFH,0.5665,5.29,317,A,426,True
7NQK,MFS,4PYP,0.6872,4.35,390,A,658,True
7O82,LeuT,2A65,0.6658,4.41,413,A,442,True
7OIX,MFS,4PYP,0.7051,3.97,387,B,451,True
7P4I,Glt,1XFH,0.5334,5.22,298,A,428,True
7P9U,LeuT,2A65,0.6479,4.47,409,B,455,True
7P9V,LeuT,2A65,0.6495,4.48,410,B,455,True
7PHQ,LeuT,2A65,0.608,4.01,371,B,398,True
7PIJ,LeuT,2A65,0.608,4.01,371,B,398,True
7PMW,MFS,4PYP,0.6844,4.18,379,A,641,True
7PMX,MFS,4PYP,0.6927,4.13,385,A,657,True
7PMY,MFS,4PYP,0.7539,3.56,395,A,657,True
7PN1,MFS,4PYP,0.6586,4.95,388,A,657,True
7PQG,NhaA,1ZCD,0.5589,3.76,259,A,299,True
7PQQ,Unassigned,1ZCD,0.4957,5.03,263,A,298,False
7RCP,Glt,1XFH,0.9857,0.93,405,A,415,True
7S1X,LeuT,2A65,0.6631,4.79,420,B,871,True
7S1Y,LeuT,2A65,0.6667,4.53,417,A,474,True
7S1Z,LeuT,2A65,0.6529,4.98,423,A,472,True
7S8U,MFS,4PYP,0.7227,3.81,388,A,667,True
7S8X,UraA,3QE7,0.7428,4.41,372,A,675,True
7S9A,UraA,3QE7,0.7322,4.34,368,A,675,True
7S9B,UraA,3QE7,0.7164,4.56,369,A,678,True
7S9C,UraA,3QE7,0.718,4.59,371,A,670,True
7S9D,UraA,3QE7,0.7305,4.21,365,A,677,True
7S9E,UraA,3QE7,0.7262,4.25,362,A,677,True
7SFL,LeuT,2A65,0.647,5.09,422,B,830,True
7SK2,LeuT,2A65,0.8082,3.68,476,A,532,True
7SL9,LeuT,2A65,0.6001,4.76,385,A,497,True
7SMP,LeuT,2A65,0.6623,4.95,426,A,835,True
7SPS,MFS,4PYP,0.8531,3.33,444,A,470,True
7SPT,MFS,4PYP,0.8584,3.25,444,A,470,True
7SUN,UraA,3QE7,0.7432,4.24,370,A,675,True
7TTH,LeuT,2A65,0.629,5.39,425,A,875,True
7TTI,LeuT,2A65,0.668,4.81,425,A,542,True
7TX6,MFS,4PYP,0.6556,4.5,374,A,398,True
7TX7,MFS,4PYP,0.6548,4.47,373,A,397,True
7TXT,LeuT,2A65,0.8685,3.09,486,S,541,True
7TY4,UraA,3QE7,0.6726,5.25,371,A,515,True
7TY6,UraA,3QE7,0.677,5.15,371,A,517,True
7TY7,UraA,3QE7,0.6757,5.37,376,A,516,True
7TY8,UraA,3QE7,0.6748,5.34,375,A,515,True
7TYA,UraA,3QE7,0.6593,5.38,370,A,514,True
7UG0,Glt,1XFH,0.5729,5.06,314,A,417,True
7UGD,Glt,1XFH,0.6207,3.65,287,A,413,True
7UGJ,Glt,1XFH,0.9581,1.72,404,A,415,True
7UGV,Glt,1XFH,0.6119,3.75,284,A,416,True
7UGX,Glt,1XFH,0.619,5.26,333,A,415,True
7UH3,Glt,1XFH,0.8265,3.41,404,A,414,True
7UH6,Glt,1XFH,0.6224,4.96,328,A,414,True
7UUY,LeuT,2A65,0.5977,4.53,378,A,503,True
7UUZ,LeuT,2A65,0.6029,4.33,377,A,501,True
7UV0,LeuT,2A65,0.5975,4.37,374,A,501,True
7V61,LeuT,2A65,0.8508,3.05,478,A,605,True
7VAE,Unassigned,1ZCD,0.4931,5.04,262,A,299,False
7VR7,Glt,1XFH,0.552,5.35,301,A,402,True
7VR8,Glt,1XFH,0.5504,5.32,300,A,402,True
7VSI,LeuT,2A65,0.6179,4.84,395,A,586,True
7WK1,UraA,3QE7,0.7137,4.64,374,A,665,True
7WK7,UraA,3QE7,0.7139,4.7,376,A,665,True
7WL2,UraA,3QE7,0.7197,4.46,371,A,665,True
7WL7,UraA,3QE7,0.7196,4.64,376,A,665,True
7WL8,UraA,3QE7,0.7228,4.54,373,A,665,True
7WL9,UraA,3QE7,0.7175,4.62,375,A,665,True
7WLA,UraA,3QE7,0.7167,4.57,374,A,665,True
7WLB,UraA,3QE7,0.7232,4.54,373,A,665,True
7WLE,UraA,3QE7,0.705,4.59,368,A,662,True
7WMV,LeuT,2A65,0.6165,4.85,395,A,602,True
7WSM,MFS,4PYP,0.9815,1.08,447,A,464,True
7WSN,MFS,4PYP,0.9792,1.14,447,A,463,True
7WWB,Unassigned,1OKC,0.458,5.53,210,A,333,False
7X1G,UraA,3QE7,0.7214,4.62,375,A,676,True
7X1H,UraA,3QE7,0.722,4.65,376,A,676,True
7X1I,UraA,3QE7,0.7094,4.68,371,A,678,True
7X1J,UraA,3QE7,0.711,4.62,370,B,678,True
7X2U,NhaA,1ZCD,0.6915,4.44,336,A,541,True
7XLM,UraA,3QE7,0.7134,4.6,371,A,595,True
7XPZ,MFS,4PYP,0.6613,4.58,377,A,402,True
7XQ0,MFS,4PYP,0.6581,4.56,377,A,402,True
7XQ1,MFS,4PYP,0.6608,4.54,376,A,400,True
7XQ2,MFS,4PYP,0.6626,4.69,383,A,409,True
7XR4,Glt,1XFH,0.5622,3.64,254,A,425,True
7XR6,Glt,1XFH,0.5522,3.53,251,A,424,True
7Y5G,YiiP,3H90,0.803,3.18,274,B,302,True
7Y5H,YiiP,3H90,0.7895,3.26,272,B,300,True
7Y75,LeuT,2A65,0.8097,3.71,476,B,573,True
7Y7V,LeuT,2A65,0.8104,3.57,475,A,532,True
7Y7W,LeuT,2A65,0.8357,3.2,475,A,529,True
7Y7Y,LeuT,2A65,0.8266,3.27,473,A,527,True
7Y7Z,LeuT,2A65,0.8116,3.56,475,A,532,True
7YNI,LeuT,2A65,0.5972,4.68,379,A,566,True
7YNJ,LeuT,2A65,0.5998,4.85,384,A,564,True
7YNK,LeuT,2A65,0.5772,5.25,385,A,553,True
7YR5,MFS,4PYP,0.734,2.76,367,A,385,True
7ZC2,MFS,4PYP,0.7175,3.73,384,A,471,True
7ZGO,LeuT,2A65,0.6449,4.9,416,A,470,True
7ZH0,MFS,4PYP,0.7422,4.15,408,A,495,True
7ZH6,MFS,4PYP,0.7338,4.03,399,A,478,True
7ZHA,MFS,4PYP,0.7436,4.03,404,A,487,True
7ZYI,Unassigned,1ZCD,0.4917,4.96,258,A,293,False
8A6L,LeuT,2A65,0.6482,4.65,415,B,452,True
8AFA,Glt,1XFH,0.9425,1.11,390,B,402,True
8BLP,AmtB,1U7G,0.5313,4.58,259,A,355,True
8BVR,MFS,4PYP,0.8175,3.08,411,A,503,True
8BVS,MFS,4PYP,0.8186,3.1,412,A,502,True
8BVT,MFS,4PYP,0.8206,3.06,412,A,508,True
8BW7,MFS,4PYP,0.8132,3.04,407,A,497,True
8BZY,MFS,4PYP,0.7035,4.14,390,A,429,True
8C02,MFS,4PYP,0.7028,4.13,390,A,429,True
8C03,MFS,4PYP,0.7029,4.07,390,A,429,True
8CNI,MFS,4PYP,0.7187,4.12,398,B,494,True
8CTC,Glt,1XFH,0.7233,3.56,350,A,406,True
8CTD,Glt,1XFH,0.8369,2.63,378,A,410,True
8CUA,Glt,1XFH,0.7489,3.61,369,A,416,True
8CUD,Glt,1XFH,0.8641,2.7,391,A,433,True
8CUI,Glt,1XFH,0.7611,3.53,372,A,410,True
8CUJ,Glt,1XFH,0.8624,2.71,391,A,433,True
8CV2,Glt,1XFH,0.869,2.64,391,A,433,True
8CV3,Glt,1XFH,0.7848,3.23,373,A,416,True
8DEP,MFS,4PYP,0.6555,4.48,373,A,398,True
8DHB,Unassigned,3H90,0.31,5.61,138,A,306,False
8DKE,Unassigned,3H90,0.3709,5.07,154,P,334,False
8DKI,Unassigned,3H90,0.3438,5.67,156,P,334,False
8DKM,Unassigned,3H90,0.3428,5.65,156,P,334,False
8DKW,Unassigned,3H90,0.3539,5.3,151,P,334,False
8DKX,Unassigned,3H90,0.3694,5.14,153,P,334,False
8DL6,MFS,4PYP,0.6959,4.3,393,A,443,True
8DL7,MFS,4PYP,0.6949,4.3,393,A,468,True
8DL8,MFS,4PYP,0.7106,4.08,393,A,445,True
8DWI,MFS,4PYP,0.7961,2.75,396,A,424,True
8DYP,Unassigned,3H90,0.3448,5.41,149,A,326,False
8E5S,LeuT,2A65,0.6209,3.9,377,A,392,True
8E5V,LeuT,2A65,0.6213,3.97,380,A,395,True
8E60,LeuT,2A65,0.6232,3.89,378,A,394,True
8E6H,LeuT,2A65,0.62,3.94,377,A,392,True
8E6I,LeuT,2A65,0.6187,3.91,376,A,394,True
8E6L,LeuT,2A65,0.6125,4.08,376,A,386,True
8E6M,LeuT,2A65,0.6126,4.19,378,A,388,True
8E6N,LeuT,2A65,0.6396,3.62,380,A,398,True
8EUS,Unassigned,3H90,0.276,5.37,118,A,208,False
8FHN,LeuT,2A65,0.6585,4.86,420,B,847,True
8FHO,LeuT,2A65,0.6568,4.98,421,A,847,True
8FHP,LeuT,2A65,0.6527,4.67,412,A,475,True
8FHQ,LeuT,2A65,0.6536,4.67,412,A,475,True
8FHR,LeuT,2A65,0.6535,4.61,411,A,475,True
8G0M,Unassigned,4GE6,0.3507,6.27,177,A,413,False
8GOE,MFS,4PYP,0.6678,4.63,385,A,409,True
8GOF,MFS,4PYP,0.6653,4.63,383,A,407,True
8HB0,LeuT,2A65,0.6177,4.79,394,A,586,True
8HDH,LeuT,2A65,0.6173,4.85,395,A,586,True
8HEZ,LeuT,2A65,0.6173,4.8,394,A,582,True
8HG7,LeuT,2A65,0.6181,4.82,395,A,590,True
8HII,MFS,4PYP,0.648,4.66,373,A,498,True
8HIJ,MFS,4PYP,0.6556,4.44,372,A,498,True
8HIK,MFS,4PYP,0.6481,4.6,373,A,498,True
8HIN,LeuT,2A65,0.5804,5.36,393,A,588,True
8HNB,MFS,4PYP,0.6885,3.93,378,A,562,True
8HNC,MFS,4PYP,0.703,3.83,383,A,570,True
8HND,MFS,4PYP,0.7583,2.94,381,A,560,True
8HNH,MFS,4PYP,0.6961,3.92,382,A,563,True
8I92,LeuT,2A65,0.8548,2.98,478,B,605,True
8I93,LeuT,2A65,0.8536,3.0,478,B,605,True
8IDA,LeuT,2A65,0.6896,4.22,421,B,464,True
8J74,LeuT,2A65,0.6289,4.17,384,A,515,True
8J75,LeuT,2A65,0.6292,4.12,384,A,515,True
8J76,LeuT,2A65,0.5773,4.97,380,A,493,True
8J77,LeuT,2A65,0.5823,4.98,382,A,493,True
8J8L,LeuT,2A65,0.6843,4.21,419,B,463,True
8J8M,LeuT,2A65,0.69,4.08,419,B,463,True
8JLC,MFS,4PYP,0.7651,3.58,406,A,592,True
8JLE,Unassigned,3H90,0.296,6.53,145,B,420,False
8JLF,MFS,4PYP,0.7651,3.61,407,A,592,True
8JLG,Unassigned,1OKC,0.3052,6.39,153,B,420,False
8JLH,MFS,4PYP,0.7665,3.56,406,A,592,True
8JLI,MFS,4PYP,0.7649,3.53,405,A,586,True
8JS8,MFS,4PYP,0.7653,3.69,409,A,592,True
8JS9,MFS,4PYP,0.7652,3.6,407,A,592,True
8JSW,MFS,4PYP,0.7118,3.52,374,A,384,True
8JSX,MFS,4PYP,0.702,3.5,368,A,378,True
8JT5,MFS,4PYP,0.7148,3.47,374,A,384,True
8JT9,MFS,4PYP,0.7123,3.41,372,A,384,True
8JTA,MFS,4PYP,0.6995,3.74,370,A,386,True
8JTB,MFS,4PYP,0.6983,3.43,365,A,376,True
8JTC,MFS,4PYP,0.7402,3.25,381,A,391,True
8JZR,MFS,4PYP,0.7,3.92,383,B,456,True
8JZS,MFS,4PYP,0.7156,4.26,399,B,486,True
8JZU,MFS,4PYP,0.7235,3.97,395,A,474,True
8JZX,MFS,4PYP,0.6964,3.95,382,A,455,True
8K6L,MFS,4PYP,0.6763,4.14,378,A,547,True
8K77,MFS,4PYP,0.7651,3.7,409,A,592,True
8KDD,LeuT,2A65,0.6771,4.06,413,B,455,True
8KDF,LeuT,2A65,0.6769,4.06,413,B,455,True
8KDG,LeuT,2A65,0.6822,3.9,409,B,454,True
8KDH,LeuT,2A65,0.6827,3.95,410,B,454,True
8KDI,LeuT,2A65,0.6367,4.58,406,B,447,True
8KDJ,LeuT,2A65,0.6369,4.58,406,B,447,True
8KDN,LeuT,2A65,0.6868,3.78,410,B,454,True
8KDO,LeuT,2A65,0.6859,3.96,411,B,454,True
8KDP,LeuT,2A65,0.6838,3.88,410,B,454,True
8OMU,MFS,4PYP,0.8116,3.03,406,A,497,True
8OUD,Glt,1XFH,0.5492,4.85,292,A,416,True
8OUH,Glt,1XFH,0.8848,2.36,391,A,440,True
8OUI,Glt,1XFH,0.5375,5.62,312,A,432,True
8OUJ,Glt,1XFH,0.8854,2.35,391,A,440,True
8P2W,LeuT,2A65,0.8177,3.52,475,C,572,True
8P2X,LeuT,2A65,0.8183,3.57,476,C,572,True
8P2Y,LeuT,2A65,0.8183,3.59,477,C,572,True
8P2Z,LeuT,2A65,0.8237,3.47,476,C,573,True
8P30,LeuT,2A65,0.8236,3.48,476,C,573,True
8P31,LeuT,2A65,0.8222,3.47,475,C,572,True
8PG0,MFS,4PYP,0.7375,2.86,370,A,512,True
8PHW,MFS,4PYP,0.6691,2.88,337,A,454,True
8QEY,LeuT,2A65,0.6577,4.64,419,A,449,True
8QRO,Glt,1XFH,0.8663,2.26,380,A,414,True
8QRP,Glt,1XFH,0.875,2.26,384,B,419,True
8QRQ,Glt,1XFH,0.8654,2.23,379,B,414,True
8QRR,Glt,1XFH,0.8758,2.25,384,B,420,True
8QRS,Glt,1XFH,0.803,3.18,381,B,415,True
8QRU,Glt,1XFH,0.7173,3.87,362,B,415,True
8QRV,Glt,1XFH,0.8728,2.3,384,B,419,True
8QRW,Glt,1XFH,0.8233,3.01,384,B,419,True
8RQF,Unassigned,1ZCD,0.4856,5.3,264,A,301,False
8SDU,MFS,4PYP,0.8211,3.07,412,A,500,True
8SDY,MFS,4PYP,0.8218,3.06,412,A,495,True
8SDZ,MFS,4PYP,0.8235,2.98,411,A,500,True
8STE,Unassigned,4GE6,0.3143,6.22,154,A,355,False
8T69,MFS,4PYP,0.6935,3.78,369,A,386,True
8T6A,MFS,4PYP,0.7221,3.34,374,A,387,True
8T6B,MFS,4PYP,0.7273,3.18,372,A,387,True
8T6U,UraA,3QE7,0.6788,5.17,372,A,516,True
8T6V,UraA,3QE7,0.6726,5.24,371,A,517,True
8TGG,MFS,4PYP,0.71,3.35,369,A,383,True
8TGH,MFS,4PYP,0.7117,3.42,371,A,384,True
8TGI,MFS,4PYP,0.7169,3.36,372,A,385,True
8TGK,MFS,4PYP,0.7148,3.38,371,A,384,True
8TGL,MFS,4PYP,0.7047,3.34,367,A,381,True
8TGN,MFS,4PYP,0.7144,3.33,371,A,384,True
8THR,MFS,4PYP,0.6889,3.8,369,A,389,True
8TNW,UraA,3QE7,0.7099,4.32,366,A,605,True
8TNX,UraA,3QE7,0.7035,4.41,364,A,576,True
8TNY,UraA,3QE7,0.6813,4.54,353,B,545,True
8TYU,Unassigned,3H90,0.324,5.13,136,B,171,False
8TYV,Unassigned,3H90,0.3239,5.06,136,A,169,False
8TZ1,CNT,3TIJ,0.9445,1.41,394,A,533,True
8TZ2,CNT,3TIJ,0.9451,1.4,394,A,533,True
8TZ3,CNT,3TIJ,0.945,1.41,394,A,533,True
8TZ4,CNT,3TIJ,0.9455,1.39,394,A,533,True
8TZ5,CNT,3TIJ,0.9447,1.41,394,A,533,True
8TZ6,CNT,3TIJ,0.9445,1.42,394,A,533,True
8TZ7,CNT,3TIJ,0.917,1.99,394,A,533,True
8TZ8,CNT,3TIJ,0.9428,1.45,394,A,533,True
8TZ9,CNT,3TIJ,0.927,1.79,394,B,533,True
8TZA,CNT,3TIJ,0.9159,2.01,394,B,533,True
8TZD,CNT,3TIJ,0.9183,1.96,394,B,533,True
8TZI,MFS,4PYP,0.6602,4.01,362,A,385,True
8U3D,MFS,4PYP,0.8006,2.94,402,A,427,True
8U3E,MFS,4PYP,0.8015,2.86,401,A,427,True
8U3F,MFS,4PYP,0.7472,3.67,401,A,437,True
8U3G,MFS,4PYP,0.8013,2.92,402,A,427,True
8U3H,MFS,4PYP,0.8021,2.76,400,A,425,True
8UC1,UraA,3QE7,0.7431,4.34,371,A,668,True
8UCN,Unassigned,3V5U,0.3921,5.42,175,c,268,False
8UO9,MFS,4PYP,0.7455,3.51,394,A,555,True
8UOA,Unassigned,4GE6,0.169,5.13,74,B,119,False
8UVB,CNT,3TIJ,0.5122,5.13,280,A,459,True
8UVH,CNT,3TIJ,0.5097,5.13,279,A,459,True
8VBY,LeuT,2A65,0.8482,3.4,485,A,553,True
8W6C,Unassigned,3TIJ,0.4655,5.2,256,A,530,False
8W6D,Unassigned,3TIJ,0.4643,5.17,255,A,529,False
8W6G,Unassigned,3TIJ,0.4621,5.3,256,A,527,False
8W6H,Unassigned,3TIJ,0.4936,5.6,287,A,462,False
8W6N,Unassigned,3TIJ,0.494,5.37,279,B,481,False
8W6O,Unassigned,3TIJ,0.4864,5.51,279,B,459,False
8W6T,Unassigned,3TIJ,0.4982,5.22,278,B,481,False
8WBY,LeuT,2A65,0.8405,3.05,474,A,605,True
8WBZ,LeuT,2A65,0.8464,3.02,475,A,605,True
8WFI,LeuT,2A65,0.8454,3.33,481,A,542,True
8WFJ,LeuT,2A65,0.8016,3.5,465,A,518,True
8WFK,LeuT,2A65,0.8473,3.37,484,A,546,True
8WFL,LeuT,2A65,0.8549,3.19,483,A,552,True
8WJG,MFS,4PYP,0.7637,3.82,414,A,533,True
8WJH,MFS,4PYP,0.8037,3.18,409,A,505,True
8WJQ,MFS,4PYP,0.765,3.83,414,A,530,True
8WLJ,MFS,4PYP,0.7244,3.58,382,A,409,True
8WLK,MFS,4PYP,0.6971,3.75,369,A,383,True
8WLL,MFS,4PYP,0.7373,3.37,381,A,389,True
8WLM,MFS,4PYP,0.7081,3.46,371,A,382,True
8WM3,LeuT,2A65,0.7951,3.93,474,A,572,True
8WNS,LeuT,2A65,0.6583,4.63,420,B,456,True
8WNT,LeuT,2A65,0.6882,4.22,422,B,463,True
8WNY,LeuT,2A65,0.6609,4.56,419,B,456,True
8WRD,MFS,4PYP,0.7072,3.53,372,A,393,True
8WRE,MFS,4PYP,0.7069,3.47,371,A,392,True
8WVG,MFS,4PYP,0.699,3.62,369,A,394,True
8WX3,MFS,4PYP,0.7118,3.96,390,A,487,True
8WX4,MFS,4PYP,0.7145,3.97,390,B,486,True
8WX5,MFS,4PYP,0.7279,3.85,394,A,490,True
8X0W,LeuT,2A65,0.6847,4.27,422,B,464,True
8X3K,MFS,4PYP,0.6906,3.52,363,A,373,True
8X5B,Unassigned,3H90,0.3459,4.77,134,A,393,False
8X5E,Unassigned,3H90,0.3436,5.01,138,A,390,False
8X5F,Unassigned,4PYP,0.331,6.47,225,A,616,False
8XCD,Unassigned,1ZCD,0.4817,4.9,252,A,290,False
8XO9,MFS,4PYP,0.7466,3.2,382,A,392,True
8XOA,MFS,4PYP,0.699,3.36,364,A,376,True
8XOB,MFS,4PYP,0.7182,3.5,377,A,387,True
8XPU,LeuT,2A65,0.6841,4.24,416,B,464,True
8Y2C,LeuT,2A65,0.8014,3.55,465,A,529,True
8Y2D,LeuT,2A65,0.8198,3.27,464,A,528,True
8Y2E,LeuT,2A65,0.7953,3.58,463,A,528,True
8Y2F,LeuT,2A65,0.8081,3.46,466,A,531,True
8Y2G,LeuT,2A65,0.8433,3.43,483,A,545,True
8Y5U,Unassigned,3TIJ,0.4899,5.76,284,A,505,False
8Y5W,CNT,3TIJ,0.503,5.25,279,A,512,True
8Y5X,CNT,3TIJ,0.5042,5.32,281,A,512,True
8Y5Y,Unassigned,3TIJ,0.4672,5.67,265,B,506,False
8Y5Z,CNT,3TIJ,0.5032,5.4,287,B,508,True
8Y65,MFS,4PYP,0.963,1.5,446,A,467,True
8Y66,MFS,4PYP,0.9648,1.45,446,A,467,True
8YET,Unassigned,4GE6,0.3464,5.85,170,B,603,False
8YEX,Unassigned,3H90,0.3539,4.89,139,A,392,False
8YF0,MFS,4PYP,0.7702,3.54,404,C,592,True
8YF1,MFS,4PYP,0.7639,3.56,402,A,589,True
8YF4,Unassigned,3H90,0.3536,4.86,140,A,393,False
8YFD,Unassigned,3H90,0.3534,4.76,139,A,396,False
8YFU,Unassigned,3H90,0.3482,5.12,142,B,578,False
8YFW,Unassigned,3H90,0.3522,4.87,140,B,578,False
8YFX,Unassigned,3H90,0.3505,4.9,139,A,396,False
8YLP,LeuT,2A65,0.6896,4.03,417,B,464,True
8ZQO,LeuT,2A65,0.6274,4.16,383,A,515,True
8ZQP,LeuT,2A65,0.6092,4.1,372,A,470,True
8ZQQ,LeuT,2A65,0.5946,4.55,375,A,492,True
8ZQR,LeuT,2A65,0.566,5.0,375,A,486,True
8ZTO,Unassigned,3H90,0.3376,5.2,141,A,389,False
8ZXM,MFS,4PYP,0.9677,1.42,447,A,471,True
8ZXN,MFS,4PYP,0.9718,1.33,447,A,471,True
9AYB,MFS,4PYP,0.7477,3.65,401,A,428,True
9B1F,MFS,4PYP,0.8348,2.81,415,A,515,True
9B1G,MFS,4PYP,0.835,2.87,416,A,515,True
9B1H,MFS,4PYP,0.8346,2.9,415,A,515,True
9B1I,MFS,4PYP,0.8342,2.88,416,A,515,True
9B1J,MFS,4PYP,0.8361,2.87,416,A,515,True
9B1K,MFS,4PYP,0.8179,3.08,417,A,512,True
9B1L,MFS,4PYP,0.7731,3.72,417,A,529,True
9B1M,MFS,4PYP,0.8369,2.73,414,A,517,True
9B1N,MFS,4PYP,0.8351,2.76,414,A,516,True
9B1O,MFS,4PYP,0.8349,2.8,415,A,515,True
9BFI,LeuT,2A65,0.5824,4.94,380,A,489,True
9BFJ,LeuT,2A65,0.606,4.58,382,A,496,True
9BFK,LeuT,2A65,0.589,4.66,378,A,494,True
9BH1,Glt,1XFH,0.7855,3.21,372,A,395,True
9BH2,Glt,1XFH,0.9536,1.68,404,A,414,True
9BIM,LeuT,2A65,0.6336,4.04,384,A,516,True
9BIR,MFS,4PYP,0.6959,4.29,393,A,467,True
9BIS,MFS,4PYP,0.6915,4.39,394,A,472,True
9BIT,MFS,4PYP,0.6933,4.36,394,A,472,True
9BIU,MFS,4PYP,0.6942,4.37,395,A,473,True
9C0E,LeuT,2A65,0.6597,5.02,427,A,906,True
9C0G,LeuT,2A65,0.6622,4.82,421,A,869,True
9C0H,LeuT,2A65,0.663,4.95,423,A,874,True
9CAX,MFS,4PYP,0.9715,1.33,447,A,470,True
9CBB,MFS,4PYP,0.9522,1.76,447,A,470,True
9CKZ,Unassigned,4GE6,0.3545,5.72,170,A,591,False
9CL0,Unassigned,4GE6,0.3549,5.78,172,A,375,False
9CY1,MFS,4PYP,0.6887,4.0,381,A,529,True
9CY3,MFS,4PYP,0.6887,4.0,381,A,533,True
9CY4,MFS,4PYP,0.6862,4.06,381,A,542,True
9D66,Glt,1XFH,0.7179,3.65,350,A,406,True
9D67,Glt,1XFH,0.7259,3.44,347,A,406,True
9D68,Glt,1XFH,0.8696,2.62,391,A,425,True
9D69,Glt,1XFH,0.7506,3.77,374,A,412,True
9D6A,Glt,1XFH,0.7199,3.63,350,A,406,True
9DVJ,Unassigned,4GE6,0.3551,5.42,160,A,377,False
9DVK,Unassigned,4GE6,0.3545,5.62,165,A,378,False
9DVL,Unassigned,4GE6,0.3461,5.95,171,A,378,False
9DVM,Unassigned,4GE6,0.3528,5.48,164,B,574,False
9DVN,Unassigned,4GE6,0.3549,5.47,162,B,574,False
9DVO,Unassigned,1OKC,0.3512,5.54,154,B,574,False
9DVP,Unassigned,1OKC,0.3525,5.25,151,B,573,False
9DZ2,Unassigned,3V5U,0.2721,6.0,132,C,212,False
9EO4,LeuT,2A65,0.8586,3.23,484,B,546,True
9F6N,LeuT,2A65,0.6506,4.39,403,A,471,True
9F6O,LeuT,2A65,0.6502,4.41,401,A,471,True
9F6P,LeuT,2A65,0.6408,4.6,404,A,482,True
9F6Q,LeuT,2A65,0.6551,4.28,403,A,469,True
9HCO,LeuT,2A65,0.8651,3.1,485,A,541,True
9IJY,Unassigned,3V5U,0.3347,5.5,153,A,392,False
9IJZ,Unassigned,3H90,0.3485,4.66,138,A,392,False
9INE,Unassigned,3H90,0.34,5.0,136,A,401,False
9INF,Unassigned,3V5U,0.3416,5.37,155,A,401,False
9INH,Unassigned,3H90,0.3514,4.9,140,D,609,False
9IRB,MFS,4PYP,0.714,3.89,388,A,471,True
9IRC,MFS,4PYP,0.7288,3.91,395,A,479,True
9IRW,MFS,4PYP,0.7548,3.84,411,A,499,True
9IRX,MFS,4PYP,0.8067,2.87,402,A,469,True
9IRY,MFS,4PYP,0.7392,2.57,364,A,421,True
9ITG,Unassigned,1OKC,0.3441,5.56,154,B,605,False
9IUC,Unassigned,4GE6,0.3512,5.62,164,B,570,False
9IWS,Unassigned,4GE6,0.3478,5.76,169,A,614,False
9J02,MFS,4PYP,0.8108,3.27,411,A,488,True
9J04,MFS,4PYP,0.8092,3.24,409,A,488,True
9J06,MFS,4PYP,0.8142,3.2,411,A,488,True
9J22,AmtB,1U7G,0.5322,4.25,251,A,347,True
9J4X,Unassigned,3H90,0.3384,4.61,130,A,382,False
9J51,Unassigned,3H90,0.3326,4.74,132,A,380,False
9J52,Unassigned,3H90,0.3354,4.76,132,A,382,False
9J53,Unassigned,3H90,0.3357,5.11,135,B,382,False
9J5W,MFS,4PYP,0.816,3.17,413,A,515,True
9J5X,MFS,4PYP,0.8149,3.18,413,A,515,True
9J5Z,MFS,4PYP,0.814,3.2,413,A,515,True
9J72,MFS,4PYP,0.7675,3.3,391,A,472,True
9J73,MFS,4PYP,0.7663,3.25,390,A,472,True
9J75,MFS,4PYP,0.7667,3.28,391,A,472,True
9J76,MFS,4PYP,0.7657,3.27,390,A,472,True
9J8B,LeuT,2A65,0.7809,3.64,460,A,524,True
9J8C,LeuT,2A65,0.8351,3.39,481,A,542,True
9J8D,LeuT,2A65,0.792,3.62,466,A,530,True
9J97,Unassigned,3H90,0.3454,4.83,134,B,393,False
9J98,Unassigned,3H90,0.3508,5.0,141,B,397,False
9JDV,MFS,4PYP,0.7266,2.67,357,A,434,True
9JDY,MFS,4PYP,0.7247,2.69,357,A,435,True
9JDZ,MFS,4PYP,0.7272,2.68,358,A,435,True
9JE0,MFS,4PYP,0.7273,2.61,357,A,435,True
9JE1,MFS,4PYP,0.7266,2.62,357,A,435,True
9JOZ,MFS,4PYP,0.6622,4.56,378,A,390,True
9JRI,MFS,4PYP,0.6582,4.43,372,A,385,True
9JRK,MFS,4PYP,0.6621,4.41,371,A,386,True
9JRL,MFS,4PYP,0.6607,4.48,374,A,386,True
9JRM,MFS,4PYP,0.6548,4.34,367,A,384,True
9JRN,MFS,4PYP,0.659,4.42,371,A,386,True
9JVV,Glt,1XFH,0.5617,4.85,292,A,415,True
9JVW,Glt,1XFH,0.5624,4.88,293,A,415,True
9JVX,Glt,1XFH,0.5624,4.87,292,A,415,True
9JXD,Unassigned,4GE6,0.3547,5.64,166,A,377,False
9JXE,Unassigned,1OKC,0.3491,5.66,156,B,531,False
9JXF,Unassigned,1OKC,0.349,5.34,151,B,528,False
9JXG,Unassigned,1OKC,0.3512,5.3,151,A,580,False
9JXH,Unassigned,1OKC,0.3477,5.13,148,A,590,False
9JXI,Unassigned,1OKC,0.3487,5.42,153,B,547,False
9JXJ,Unassigned,4GE6,0.3523,5.73,170,B,596,False
9JXK,Unassigned,3H90,0.3498,4.93,140,B,602,False
9JXL,Unassigned,4GE6,0.3523,5.71,170,B,604,False
9JXM,Unassigned,3H90,0.3522,4.6,138,B,609,False
9JXN,Unassigned,1OKC,0.3539,5.3,152,A,587,False
9JXO,Unassigned,1OKC,0.3529,5.21,150,A,596,False
9JXP,Unassigned,3H90,0.3534,4.56,139,A,385,False
9JXQ,Unassigned,1OKC,0.3514,5.63,156,B,609,False
9JXR,Unassigned,1OKC,0.3508,5.43,154,A,384,False
9KJU,LeuT,2A65,0.6896,4.03,417,B,464,True
9KKK,MFS,4PYP,0.813,3.21,411,A,493,True
9KKQ,LeuT,2A65,0.6085,4.52,383,A,579,True
9KKW,LeuT,2A65,0.5736,5.24,384,A,565,True
9KL0,LeuT,2A65,0.5233,5.22,347,A,503,True
9KL5,MFS,4PYP,0.8236,2.97,411,A,474,True
9KLZ,MFS,4PYP,0.7844,2.76,391,A,463,True
9KMN,LeuT,2A65,0.5777,5.21,387,A,572,True
9KQ8,MFS,4PYP,0.6938,3.5,364,A,374,True
9KQA,MFS,4PYP,0.7003,3.55,368,A,377,True
9KQE,MFS,4PYP,0.6904,3.52,363,A,373,True
9KY5,LeuT,2A65,0.6914,3.94,418,A,463,True
9L0B,MFS,4PYP,0.6955,3.48,368,A,387,True
9L0C,MFS,4PYP,0.7016,3.36,368,A,387,True
9LDR,LeuT,2A65,0.6885,4.04,417,A,463,True
9NTC,MFS,4PYP,0.7228,3.59,385,A,432,True
9OKF,MFS,4PYP,0.7708,3.49,405,A,479,True
9P4X,Glt,1XFH,0.5665,4.32,275,A,412,True
9P4Y,Glt,1XFH,0.5583,4.12,267,A,409,True
9P4Z,Glt,1XFH,0.566,4.66,291,A,407,True
9PC9,MFS,4PYP,0.7267,3.54,385,A,435,True
9PCB,MFS,4PYP,0.7274,3.51,385,A,430,True
9PIE,LeuT,2A65,0.6499,4.94,417,A,859,True
9PIF,LeuT,2A65,0.6496,5.03,419,A,857,True
9PIG,LeuT,2A65,0.6473,5.0,417,A,860,True
9PNS,LeuT,2A65,0.8618,3.23,485,A,537,True
9PRS,MFS,4PYP,0.7643,3.56,407,A,479,True
9QU3,Unassigned,1OKC,0.477,5.6,214,A,362,False
9QUB,NhaA,1ZCD,0.6606,4.55,323,B,443,True
9QUW,NhaA,1ZCD,0.6631,4.51,323,A,443,True
9QZQ,NhaA,1ZCD,0.5162,4.15,246,A,286,True
9RXN,Unassigned,3V5U,0.1845,5.06,80,A,116,False
9RXO,Unassigned,3V5U,0.1722,4.48,69,A,96,False
9RXP,Unassigned,3V5U,0.1686,4.77,71,A,97,False
9RXQ,Unassigned,3V5U,0.1731,4.86,73,A,94,False
9RXR,Unassigned,1OKC,0.1789,5.15,75,A,115,False
9RXS,Unassigned,3V5U,0.1621,4.46,65,B,95,False
9UNX,MFS,4PYP,0.8098,3.01,404,A,467,True
9VA1,LeuT,2A65,0.8496,3.04,477,D,605,True
9VA2,LeuT,2A65,0.8504,3.04,477,B,605,True
9VPG,MFS,4PYP,0.9654,1.47,447,A,465,True
